site_code,latitude,longitude,2014,2015,2016,2017,2018,2019,2020,2021,2022,2023
384159N1217303W001,38.4159,-121.7303,0.2979527998160725,-3.6845823493517016,-3.8081107525813396,2.3771644386997295,-0.27636201703491814,3.937115493065372,2.5156640532611876,0.03513914120490058,-0.468599213676909,-0.44359747557113577
384159N1217303W002,38.41585,-121.73034,4.546785672841898,1.9560383235311918,4.4574917026248215,8.448018631126724,7.751495730735978,11.280361345756651,10.381234244682435,6.168857174537921,6.031960359237314,5.718819787984575
384159N1217303W003,38.4159,-121.7303,6.17882823438571,12.599225299978826,11.667728242021216,16.950696675052235,12.849159131815139,20.90986492592278,19.51322370619976,10.430197766385461,13.945646037132704,13.38620876138186
386062N1215602W001,38.6062,-121.5602,-8.440526944881451,-6.578821688115587,-1.9460171952200103,-0.1558608924538838,1.214922970054202,2.23690219545409,-1.2632864205125283,-3.665110192419715,-2.587117736696875,-2.185119908886988
386062N1215602W002,38.6062,-121.5602,-6.89205753187135,-5.444839298561234,-0.5550830371018325,0.7664068489362057,-0.5848366847454098,2.7636210646935844,-0.12655886812497164,-3.5516768835271053,-2.140970821816058,-1.6949631151143825
386464N1216675W002,38.6464,-121.6675,-1.8175504860775487,-4.864457815777358,-4.225963335298189,-1.2375833009960147,-2.82820750827954,-0.15252597704965964,-1.5132364661891096,-1.4023305820639536,-3.683146727857965,-3.671015362285239
386464N1216675W003,38.6464,-121.6675,-4.116941955909411,-2.3981929359377974,1.3383863722436664,12.089393958237064,2.521645216453575,11.930862949854447,10.490649465473734,4.275114209533662,4.052425106290055,3.471078610191506
386464N1216675W004,38.6464,-121.6675,-3.6704679001545095,5.884401523324769,1.1390587966458803,18.10700064045954,6.337740880743121,17.142768302089184,12.420653587171499,10.003221776537961,10.208720280308263,9.53516327477917
386782N1215943W001,38.6782,-121.5943,0.46428365456173637,-1.1646453217498056,-2.8900505900870144,-2.03512849840428,-1.8384937184769221,-0.6339029468297817,2.7311757170854687,2.029341121821087,-2.9028135545631706,-2.885188706584298
386782N1215943W002,38.6782,-121.5943,-3.874153992237215,-2.2178963468527524,-7.236057641197091,3.8419497755301517,-5.130074304773723,5.283025636607585,4.7231560652707785,-0.15268117572239248,-6.926583117251354,-7.051443226643278
386782N1215943W003,38.6782,-121.5943,1.9509158147202617,-1.637786828938113,0.8482567777779781,2.2054397102041055,1.331611375686875,5.758046054480218,3.899021907567902,-0.38327267907278345,-1.310975784796614,-1.3819405939394205
386782N1215943W004,38.6782,-121.5943,-0.0791261007192432,-0.0031158172248701987,1.4016527663288914,0.3944377856836505,1.170717234253062,4.007327719311888,0.7512422926292652,-0.44390264641738986,-1.4353154723478303,-1.4935375511690658
386864N1215222W001,38.6864,-121.5222,0.5642059673286823,0.6253909190713003,-2.4754866631506616,-1.0280312074563867,-2.5503477472035847,1.9610107027683128,3.8520109572995977,1.2165310861922691,-3.2942692097807402,-3.291080547080554
386864N1215222W002,38.6864,-121.5222,1.139844345133489,0.9614795881860747,2.58607946662922,4.075349368281087,4.783001788915969,8.0620332116196,7.331698290641517,3.665803281542331,-1.7652637698218356,-1.953391640140299
386864N1215222W003,38.6864,-121.5222,-2.702152677142628,-2.6047214263796725,-1.3162255649605914,-1.0726804789208373,-0.6260005318532418,0.6256668025581327,-0.881596880039071,-0.3308513043978598,-3.440578704274567,-3.4226170320544185
388235N1216079W001,38.82324,-121.60763,0.22704581395403878,-8.272082388593574,-0.7644394039248503,-0.6655058700951102,-0.9323153200890424,3.8244408932500544,1.2549411450580497,-4.475757635730471,-3.090729245330028,-3.116252397693536
388235N1216079W002,38.82324,-121.60763,4.387091694616403,-4.637856774877624,1.6151384762030183,3.689824472070079,2.680108775405948,8.518280254654618,6.481076967735644,-0.39068347547716176,-0.35963093208334307,-0.4957569312890975
388235N1216079W003,38.82324,-121.60763,3.6339529368072157,-2.6836327878558506,-4.121387735526396,0.316439890927636,-1.413540098854046,3.037313014202364,6.272237527021463,2.6734784171680657,-2.4053041680146534,-2.460592344360191
388235N1216079W004,38.8235,-121.6079,3.2803266651403473,-2.064929663812399,-6.185738696281241,2.514805057031693,-1.7990591105381801,3.4872393918331643,7.242431842556133,3.70190361523627,-2.0669600318339785,-2.09866716070673
388260N1215394W001,38.82388,-121.5431,6.828289552539056,-0.9472995951741474,-8.18784708023436,7.488232355234558,0.2199177488825601,6.8810258939734235,11.28597761719418,6.176223858198204,-0.29894916358873047,-0.2722909024268727
388260N1215394W002,38.82388,-121.5431,3.7825096202060995,-0.48381895529255736,1.1779378179627678,5.6709043247844715,5.090664163829041,11.7843801383555,10.210138166480064,3.92057400146761,1.297113994983893,1.0908201756644544
388260N1215394W003,38.82388,-121.5431,0.743198210261129,-4.293915618962291,0.06070541122369377,2.701350229820232,1.8279858714178978,6.25024873950859,4.801268157946415,0.5728022507072623,-0.699176534803188,-0.8101477756319433
388260N1215394W004,38.82388,-121.5431,-1.8332896603795685,-5.574188794382726,-1.34744759558426,0.32791913325641886,-1.1420237426879751,3.6677061694608213,1.9464052574333035,-1.1405986628351261,-2.926743012794029,-2.966904292549451
388362N1218352W001,38.83615,-121.83511,4.98437920511536,1.1986361103535295,-5.228348390705969,20.777292041567108,3.250972638863825,22.325443056501523,10.164903783494069,4.083092078750429,1.914599869593193,1.6360484839307006
388593N1214885W001,38.8593,-121.4885,7.671080072676162,1.1233592779565225,-8.795117472196122,8.836505965272424,2.7532191940776927,9.204311762610386,14.435160305325047,8.815949714953936,1.2523334331854983,0.9904800807188892
388593N1214885W002,38.8593,-121.4885,7.339975855008245,0.6849833064289612,-8.901780505889581,7.335683294140512,1.64724391519088,10.450876415352337,13.760853624789679,7.379104672871112,1.3093817537099923,1.0149431496871806
388593N1214885W003,38.8593,-121.4885,6.128411495128322,-3.5866205779621487,-9.486514709959376,5.2656198643021295,3.6836980865599944,8.91142689923403,16.918930519330768,2.4856362979653372,0.1710699252621941,-0.023293591629470534
388761N1217094W001,38.8761,-121.7094,-1.2819889337465646,-2.530170108153735,-0.8790090496545151,-1.558708004687455,-1.8098769154979255,0.03912905331339367,-1.2721372306824374,-0.8541908745086868,-2.97954467508138,-2.9388418932093607
388761N1217094W002,38.8761,-121.7094,-1.3179622460748348,-2.5631252764287247,-1.10996834833111,-1.6507523340841637,-1.7811544568145177,-0.23663509964410068,-1.17279412303078,-0.5531430418721754,-2.76878036207742,-2.7251426615628453
388761N1217094W003,38.8761,-121.7094,1.3299636777733053,-3.2895095873390954,-1.719147258838218,0.5546266088932885,-1.5219235349990239,3.095811147644051,3.7607728363591573,-0.9556563511454321,-3.0989855315508112,-3.1010798330817355
388761N1217094W004,38.8761,-121.7094,1.0847078675846742,-3.4231120537838162,-2.7491549871833367,0.9594361941313174,-2.305754173241832,3.58211688696249,4.60561993113969,-0.8017336546160356,-3.9521558420176497,-3.9511251250320623
388813N1217525W001,38.86903,-121.7525,-1.9270548466394004,-2.1230418146115504,-1.6190559004954075,-3.8165718560882844,-0.25007658840417335,2.2777100984639205,0.4924698712602229,-2.964323594156099,-5.583344547768299,-5.562232826712325
388813N1217525W002,38.86903,-121.7525,1.0738112403602962,0.32031840367656983,0.4724621888402698,1.3936624263515363,2.9531853239027424,9.790276485056888,8.663252818734044,-0.2267992413273472,-6.00993711048849,-6.131172878103678
388813N1217525W003,38.86903,-121.7525,1.8082693147285558,-1.293984948200031,-0.7440276667411831,3.5675140906349014,4.40220473670222,9.586820140247038,9.969219557514172,1.8207784644598615,-10.679853849069579,-10.814955656728653
388813N1218219W001,38.8813,-121.8219,4.644259871784254,-5.1796804976958235,0.19412928715509725,7.678142415816204,6.94604453597552,8.032770616221343,16.789753051296323,-2.9232466349832187,-2.947162060013186,-0.8431982468391572
388813N1218219W002,38.8813,-121.8219,-1.3933256619954957,-1.4272315957316088,1.4033544308553623,2.6976619476981885,-0.13986729178535917,4.206773569841287,5.504765217678132,-1.425137365724181,-2.8458094911411553,-2.8817420471461475
388813N1218219W003,38.8813,-121.8219,2.356691681171837,-0.01900719000916773,2.828722890380453,7.663050735402596,4.564987673564523,15.47113683546985,16.61159239748835,-0.8173726149110472,-0.48931563786759114,-0.6529187281501208
388965N1219139W001,38.8965,-121.9139,7.675326851098429,-0.09808172134833981,-0.09607011120664666,8.029084918577354,2.390747875877924,17.764733960400942,17.41291672371675,8.189603637148437,-7.9078019325685815,-7.097614160797789
388965N1219139W002,38.8965,-121.9139,10.262222867370976,-0.5944206440936064,4.788875022033105,17.141875660020773,6.080400359079892,19.5981676560366,22.264630686372787,5.342805268824819,-2.6950121371501616,-3.099402673513234
388965N1219139W003,38.8965,-121.9139,5.162168977304274,-2.1202292352388117,3.935226079006849,10.37294808369213,2.9434785334774176,15.124118714493896,13.450767561173564,3.8744600682410315,-4.444254502472965,-4.724462706697827
389116N1215238W001,38.9116,-121.5238,4.652070985157728,-6.056738341604572,-5.244675728219686,5.272710905847898,1.90442060971111,11.6722885945542,13.789823840060109,0.7449905266995964,-0.24217941550860012,-0.46321218225792116
389116N1215238W002,38.9116,-121.5238,10.0900628612072,-3.54857635422802,-2.783149210334514,9.777511887842183,3.563297529803007,14.050007268310821,16.713167796243436,7.360175471272548,3.4057917249493803,3.103754895202223
389116N1215238W003,38.9116,-121.5238,3.243988959968096,-9.65037032393765,-12.156327824863641,6.306663573395806,-0.7765129361290448,6.810459515581886,16.71712833831954,1.3627335122483073,-4.369851202259353,-1.8106809771238996
389117N1215238W001,38.9116,-121.5238,3.2263674299459972,-6.978835028648996,-8.697329590553842,5.177548801830596,1.4841808634206721,8.042392801901237,16.708807908908362,1.3158213223497692,-1.0876010160591552,-1.33271516516972
389452N1215992W001,38.94516,-121.59915,3.021724913037181,-5.566880948536401,0.5791979399051606,7.383607143520422,-3.214631803281403,9.316607881918333,4.863380342805298,-0.08125740307965224,-3.4726222966417737,-3.507191685365953
389452N1215992W002,38.94516,-121.59915,2.5964313064436357,-4.454025499377092,-0.8372276536141996,7.037021668428281,-2.8956164967778406,9.881099171429044,4.694208519445441,0.331996129952973,-3.3113363737229466,-3.351753090812025
389452N1215992W003,38.94516,-121.59915,4.509738226086661,-4.092386428307693,-2.9795754957408818,4.759584454398738,-2.604376521903596,8.120783562714834,7.684990435466807,1.2052686258417395,-2.246035454357685,-2.3046890875939248
389452N1215992W004,38.94516,-121.59915,4.823514154448529,-3.1637148112243736,-4.256597520132022,4.550557531523957,-2.0884220931008954,8.452936220313775,9.555247420791218,3.491750366190619,-1.4919245687626432,-1.5806805793837828
389605N1218102W001,38.9605,-121.8102,-0.946383590521215,-0.9424874828767642,0.3071747096454338,1.2110995208640958,2.970302058761355,7.277203437405417,5.532611339553961,-2.3901995746207607,-2.3599873317821185,-2.4678207769050644
389605N1218102W002,38.9605,-121.8102,-0.6101020618090871,-0.8023658933544304,0.4331205200838433,0.7923406352700084,1.5491970000981894,5.721899527582128,3.346098218372994,-2.1215882148095844,-1.4819490350582925,-1.5396387548074912
389605N1218102W003,38.9605,-121.8102,1.4795831676401043,-0.43238356211629636,1.3375555218317245,1.3516085466421224,0.7960604677806238,3.362314948771722,4.150742270455456,-0.9662084525431602,-0.30106801473503,-0.3351052274011188
389669N1218440W001,38.96688,-121.84391,5.987657590528187,3.789010390974897,6.8908745324853715,11.538324496198895,10.449166570382616,22.97993223586512,26.00190373713808,-8.214584056536625,2.665568730690392,6.128431842982919
389669N1218440W002,38.96688,-121.84391,1.8109019300810698,2.0873465280915378,4.59235327737059,4.423569416097115,4.702458398883222,15.978569931391768,14.234571770717821,-4.394497956068333,0.7460439294463415,0.8439240615350361
389689N1218653W002,38.9689,-121.8653,1.812070804185054,-1.8135988507831868,1.8067108572043402,3.299711989213071,2.97404475048007,6.608859117768829,7.098208947446322,0.12345092755871256,-1.4051839485110813,-1.5093889760620893
389694N1219259W001,38.9694,-121.9259,4.473676800418154,0.8294234224982162,2.339878221928389,9.940751134105179,3.095390442043188,15.116562621078721,17.092717155946673,8.954413418753912,-7.781499566145111,2.4405973703711563
389694N1219259W002,38.9694,-121.9259,4.219996839256442,1.8956980135164585,7.249759241996547,10.515218492812295,9.584385643991247,17.842528521881235,23.867439549944102,1.9331721339454795,-0.5612532762274469,0.29997234181831445
389694N1219259W003,38.96935,-121.92587,-0.2988659804742797,-0.46745343163412745,2.8972990893474577,6.70103609157527,3.7335177371088655,9.934839081857916,13.42526577811724,0.5565127974003694,-0.9924237966217577,-0.781923304343632
389857N1214880W001,38.9857,-121.488,3.1893050968256276,-3.489855584584639,-3.0186771451649363,0.9531840212217517,-1.8686784977170063,5.963375321437113,5.511923974656575,-0.057034607405974214,-1.24425375998635,-1.2768988071665106
389857N1214880W002,38.9857,-121.488,8.254594888984002,-5.388442959482127,-2.186945578673516,4.243851786759031,0.35183320907365356,13.55530986164981,11.856559567787542,1.8611889968371358,-0.44929888372788085,-0.6134126217101468
389857N1214880W003,38.9857,-121.488,12.342671130869812,-7.139126468935295,-0.12457819256415448,6.00216759125804,2.803965121397219,18.75393572218441,15.751592839506454,4.378875036504839,0.7051853395158716,0.4454667411801978
389857N1214880W004,38.9857,-121.488,0.4821761989007598,-1.0717633464764376,-1.1708917940759775,0.02142933812618253,-0.2701779744010153,1.0133428469791,0.5510010908071976,-1.1368569563501225,-0.18191855578801608,-0.1753234653550635
389883N1214883W001,38.9883,-121.4883,4.531411016137042,-1.203245851090859,-0.5212621185302879,3.0403031732145536,6.601830537393539,17.229527561285,12.790524684296372,-0.5515229662887826,-0.47690587225278236,-0.8026159530344898
390084N1214989W001,39.00837,-121.49888,-0.7538733717574466,-0.8681589167679782,-0.7443043894281516,0.5980337450347193,2.875709210116405,3.311356041572026,3.1845061290394447,2.6051207021107032,2.30485702983486,2.1968395845651507
390087N1216722W001,39.00864,-121.67187,0.42210279741644285,-2.845425244980614,-1.0561000107989678,-0.23986115312650114,-1.209971266649493,1.5916187643007547,2.84016364498725,-0.17046300236262013,-2.645103200297715,-2.640418991759905
390087N1216722W002,39.00864,-121.67187,3.242340379525661,-2.964035487745573,-1.0077260840559603,1.6356477044820572,-0.39713962799711666,3.5670233197358243,5.735108069774597,0.34005743026996527,-1.8999332648295955,-1.9320580033876347
390087N1216722W003,39.00864,-121.67187,3.4802824222966855,-2.985931649440861,-0.9776281932437847,1.7027674198881115,-0.702314816610663,3.8577512812527743,6.787099399724227,-0.7069152262855702,-1.6610095630499444,-1.675011097222967
390124N1218291W001,39.0124,-121.8291,3.8787581370411335,-3.88595385769546,-3.718467819045774,2.1432472472953457,-2.8839138054542612,4.869547880099683,10.469607944792202,-3.0353095481926298,-4.922324379474407,-4.924953033048329
390124N1218291W002,39.0124,-121.8291,5.277577937187607,-3.7998747497704386,0.5863256728464208,3.987729661578893,1.2057280650305344,8.076556764365808,14.807340177718062,-6.13740178275508,-1.378296885342511,-1.4816938650579203
390124N1218291W003,39.0124,-121.8291,2.6603691158971827,-3.0830985645929694,-0.5075914209268966,0.2792556987635386,0.7020998956369837,1.128031242696597,3.766941002318383,-0.016044166984460873,-1.9229067843728451,-1.9580728191945447
390124N1218291W004,39.0124,-121.8291,0.7474097262362918,-1.552533820696997,-1.246370025092304,-0.13883514127045515,-0.37598572532992236,-0.10112257741747044,1.3649253714802363,0.23874669819151606,-1.5235692752773389,-1.5225549314010713
390174N1214630W001,39.01744,-121.46299,4.887883693368774,-6.7118864732015275,-6.8155753569120705,-2.8841225235346926,-6.2961388934582985,10.015662049089265,8.77577471818963,1.8448349185376323,-5.8686476149421765,-6.268147310534999
390174N1214630W003,39.01744,-121.46299,4.192963475623092,-1.8905056105815774,-2.2050201985867517,-1.8158780888990265,0.6881397083287979,13.527940467313421,12.357506571836215,1.5587748534372317,-2.083302897251748,-2.234534760550538
390214N1214057W001,39.02142,-121.40566,3.3708926361569667,1.5569076129301962,1.2128020049612331,1.217369480150822,3.0683502361187536,9.866669048947635,10.293041887940348,5.7274435951493885,1.959309376314053,1.8030725812719055
390244N1217813W001,39.02443,-121.78127,-1.1540578814386144,-2.0473330725954,-0.17694978922036242,-0.9046977110474188,-0.47829717391397963,-0.21693387370020645,-1.6035247395062697,0.2195757539707408,-1.3926289973232926,-1.371139314608012
390244N1217813W002,39.02443,-121.78128,-1.2335037901197943,-2.110763856112868,-0.2773074699641569,-1.1498607112884542,-0.537127942339577,-0.23042216679865035,-1.6475910566965908,0.3043232388449688,-1.7151261746026876,-1.6919888205985245
390244N1217813W003,39.02443,-121.78128,2.035318878833099,-2.967881915518781,-0.7074354097029918,1.1524082473268606,-0.9898703304868803,3.434721536726208,5.392893162222144,-2.38349347076311,-1.8756880930179207,-1.896923571191845
390284N1215155W001,39.02838,-121.51548,2.6586779019627933,-3.3798646868159032,-4.565657449300005,-2.3235019524559846,-3.9703142771002575,6.797335022001363,5.636085187896981,2.2152990773012675,-3.0595045527292726,-3.2221832356929596
390458N1216114W001,39.0458,-121.6114,1.7054648693308678,-0.8988770776634993,0.07015722989276085,4.290928549774232,-3.5381096393096954,7.159211606068354,3.9056447710698237,0.28015766628200467,-0.33438778873197705,-0.3744514368622589
390458N1216114W002,39.0458,-121.6114,16.83197061751406,16.25647325367208,18.351309834929747,19.81686755156544,21.57557032751523,27.755314112994743,25.883300204857342,19.045820282277404,16.701099024529707,16.069977501185797
390458N1216114W003,39.0458,-121.6114,5.994042673929316,-3.1244957578939463,-2.9189155911148887,3.978609254092728,-3.2298867611965214,9.59216209239574,8.203808765520316,2.1633263430712493,-1.6287123073385494,-1.6775695473546826
390458N1216114W004,39.0458,-121.6114,4.454443660397864,-3.3436230883106717,-2.6011366739490818,3.700173553346808,-3.4396729777970236,10.104352738769123,7.666747195107092,2.0411204400224,-1.6332978647302046,-1.6985434193028333
390461N1214606W001,39.04606,-121.46065,4.0352193049492975,-2.5118093583600682,-2.6959007618732755,-2.6107703302725795,-1.125383501540675,11.210402679679767,12.072794609181685,3.8959788370104604,-3.0679022003040046,-3.271979427835106
390696N1217778W001,39.0696,-121.7778,-0.2255619051918245,-2.275314411400128,-1.2204874729865018,-0.3187160902245374,-0.8668092916753096,-0.40338420172669487,1.5476165184484465,-1.9766883544965914,-1.0743404368003056,-1.0517635897620359
390696N1217778W002,39.0696,-121.7778,-0.42485783315887105,-2.286855661723134,-1.870648863038685,-0.24560027911699933,-1.352675288470678,-0.2488113606197615,2.579597947884423,-2.3511378615492085,-1.34364633764201,-1.3448177930291756
390696N1217778W003,39.0696,-121.7778,1.1443353400877356,-3.481650629533153,-4.020207614425015,-0.003006037551745777,-1.3882045972651333,2.2861745750807323,1.8926333584720005,-1.8551933381226213,-3.135616092559566,-3.240410497527918
390696N1217778W004,39.0696,-121.7778,2.1938198349297124,-2.0818061243925996,0.9687511496763612,1.6940738496006489,-1.4198616526499848,3.748244386447702,4.602513824233501,1.1476248492083911,-2.1609226305002274,-2.234211218221276
390756N1213859W001,39.07563,-121.38589,1.3502620845526252,-1.570062091791499,-3.679684137980047,-1.3058639442828763,-2.082620086480688,4.503611015427296,3.247417509997149,0.3082583014294755,-1.7398563686613926,-1.7517551536291052
390863N1215340W001,39.08629,-121.53402,2.714969833258337,-2.6695260698354417,-2.466636558806769,-1.5643262581693165,-1.5063643155814006,6.546601192024582,6.022928126895323,1.8036240337496103,-2.84669390687057,-2.9291869583770733
391114N1215105W001,39.11138,-121.51047,4.201872404476092,-3.488855796071853,-4.192383261263693,-2.672305453933312,-5.669860690507605,6.743175649706785,5.643086684149381,3.0121496898474263,-4.32154412869054,-4.715101147736021
391330N1222165W001,39.133,-122.21645,3.430057770185755,-0.8290033470583609,-0.7213739965829973,0.037160945500900766,-0.2329125672476806,0.39642565460270873,1.0488057555153745,1.8664019348887706,-0.3397256691414583,-1.11749284301564
391330N1222165W002,39.133,-122.21645,-0.05722865172400304,-0.8551809857987962,-0.8730477907535033,1.6249736513080677,-0.04898894340861659,0.5334074433494038,-0.04947761229777825,0.06551953390993503,-0.7360573388085356,-0.18725051051380603
391759N1215241W001,39.1759,-121.5241,0.20555032895624237,-0.9361521195520552,0.32933475188961125,0.25438303418761876,-0.9880109723671708,1.1722816576209425,0.1328082362828269,-0.6541216169063588,-0.7105401318326585,0.17759010014189158
391759N1215241W002,39.1759,-121.5241,4.203677975651608,-2.468485085087849,1.716240815804241,10.753491865277084,-1.5632666534716293,11.02455754321658,1.9910662360170974,2.244642415073116,0.7220796821973821,1.171013356208043
391759N1215241W003,39.1759,-121.5241,3.2638603775646757,-2.2908266449201165,1.6216639520257559,9.631226062654171,-1.331867197440502,10.999690499900865,2.2584428822710976,1.8274283422968907,0.4435760047919928,1.3251648385210828
391759N1215241W004,39.1759,-121.5241,5.563430285108012,-3.858331056587197,2.433908653404913,9.438049102767849,-2.7964606598366117,14.439476868628297,0.9957534328067439,2.6551513818153367,-0.31743892083723324,-0.4425399067968172
391759N1215241W005,39.1759,-121.5241,0.5762883362753684,-1.2133403204208904,0.8439873984013389,-0.1134885943965287,-0.8794171015134964,0.35881885828265325,0.22264280800167313,-0.6488234860968731,-0.00790308830210762,0.15413601596515747
392145N1214873W001,39.21453,-121.48735,0.2969165579251367,0.2846196914086647,0.9355310103289725,3.756149990337306,4.946019901075566,4.227830710526071,1.085835919508611,0.09680152831020905,-2.0799191413765428,-1.992541628554136
392394N1216509W001,39.2394,-121.6509,0.1341647114739004,-1.065960340893298,-0.8982210067379839,-0.10792859006461697,-1.4027104563892294,1.0575602213794895,0.6789843411215202,-0.8740349977527444,-1.4328013014918213,-1.415524556466167
392394N1216509W002,39.2394,-121.6509,3.1782064385314044,0.20924988773005992,0.03771092877219928,7.1679310391826405,-0.9443619293532279,8.436868928802674,5.917554393525535,2.1281262991669934,0.5959278899535647,0.5042512887352473
392394N1216509W003,39.2394,-121.6509,3.0315955984336824,0.2689089199058188,-0.7617737713482668,8.589751069624633,-1.5725394628229026,9.758320648797842,6.991432181460496,3.0746610780608705,0.44903104497740287,0.3419500815285019
392394N1216509W004,39.2394,-121.6509,3.4243963557872235,-0.40736661248810435,-1.8587736839397522,10.130863767469627,-3.693128465318523,12.193119986422552,8.122303706610303,2.5769037220883604,0.31126981878288973,0.19644689323250475
392394N1216509W005,39.2394,-121.6509,2.7419553860307175,-0.22370763466859955,-2.566290667172197,11.099322035950038,-3.97733132449153,12.910599150262662,8.062034467077098,4.971216687891399,-1.325229897125702,1.9283827890383094
392406N1214951W001,39.24065,-121.4951,-0.5267281679586375,-4.39082150696872,-3.647690920711028,2.8553761589790128,0.9386686402809516,5.635307835172142,2.2455829057384875,1.6229748656688585,-5.085518285410629,-5.432955168144048
392414N1221535W003,39.24148,-122.15354,5.685207279493838,-7.928519296144255,-4.000376022035709,-0.1309748302981184,0.5238315566155087,7.136813946437389,13.368061902164023,3.6365459397355338,-15.869367688774274,-15.985133864035607
392414N1221535W004,39.24148,-122.15354,2.9695054301931236,-5.884441550360194,-0.6197869845922881,1.696940946389752,-0.689098066024286,3.4521085534719447,5.166202934700934,4.223779149554474,-3.8541027825395986,-3.964710908471446
392727N1215762W001,39.2727,-121.57623,2.556599518124429,-4.050973329657545,-6.430042691473162,5.295100362740605,-3.821849905232085,9.281302541666456,7.188724541025806,1.1948826191664637,-2.8441391896476986,-2.8830738527917887
392727N1215762W002,39.2727,-121.57623,-0.6416319085286162,-2.678904232697114,-1.8599570112453847,2.4045036862320543,3.851232343214285,7.901108791800851,7.282566164322709,0.5394367454741129,-3.1596953659909417,-3.284900021977066
392753N1221057W001,39.27527,-122.10568,0.3245896517188491,-11.224950642184286,-6.8283862210370785,-4.285791423147465,-2.9086840830534797,6.507309697360075,6.804313934099559,-1.1426902145455209,-17.74919636488525,-18.782585133803103
392753N1221057W002,39.27527,-122.10568,2.974365780833274,-10.6260342987716,-3.5260306079197328,-1.4424882305961404,-0.6715737687700098,5.90851141317448,9.394467510691053,-3.4986372690714322,-10.550703107014801,-10.665137525587355
392753N1221057W003,39.27527,-122.10568,2.0754278996421505,-6.426076962722682,-0.8881577108218508,-0.17791080262842485,-0.4214793016438847,2.577796279495722,3.0370532709707163,3.2485035788623975,-5.578012736813932,-5.61733001586564
392789N1214876W001,39.27892,-121.48764,-0.11578184862790408,-2.2103573385467996,-3.869651558955553,-3.472831529141928,-2.7953878016299996,2.3266399917535665,3.8423157110121338,1.7244191940537803,-1.0748361054960185,-1.2620743118819462
392952N1215180W001,39.29518,-121.51802,-7.3273833593256725,-7.533282183986927,-6.959419353410524,0.08206323776758495,4.54764895783385,6.463110018061656,5.931261979887388,-2.8473150048977445,-10.101752633156188,-10.327607676892647
393010N1219528W001,39.30099,-121.95299,7.16357374469731,-11.431778846682391,-0.45422447652551057,1.196082881073849,0.9484841451496706,1.9162978152291288,7.486045755469995,0.8275534120405155,-7.486803271527222,-7.567684698308668
393010N1219528W002,39.30099,-121.95299,-0.8475460545915823,-13.954292650462214,-2.5698445927981837,-4.103686294942662,-4.419928964995407,-1.247690709251117,1.8227985688069595,-1.978980261846786,-11.641997766316877,-11.577488877421878
393010N1219528W003,39.30099,-121.95299,1.2515122728659378,-5.550224107610049,-0.5816929127162069,-1.368082818191752,-1.154846581394736,-1.0858863982225344,1.307892293385848,0.649280816715823,-3.818717332391415,-3.7824489652984568
393042N1215970W001,39.3042,-121.597,8.022632608984608,-0.46405298771633596,1.2652018216149443,16.602158076170745,-0.400157412903269,18.54228025774747,13.274144000071416,4.3978941715710675,3.0433184728265203,2.9045883636116656
393054N1215973W001,39.3054,-121.5973,1.395453976182658,-0.9515976876016268,-9.992916606986547,6.4714022732395975,-4.240495485622397,7.223723828395805,4.880448931719869,-0.6975963194912396,-2.025861450329657,-2.034780178032996
393054N1215973W002,39.3054,-121.5973,8.059153490129567,1.9372545910143586,1.3400456366136027,16.244398369823067,2.351375964363868,16.957476298838337,13.67241574073914,4.877640654422883,4.3431597744109425,4.2035316351240795
393054N1215973W003,39.3054,-121.5973,7.7794821225698385,1.314645704669374,1.936934813284914,14.48915744728864,0.777786117154605,18.87795924648684,13.442620214651765,4.837502986199425,3.07981159003986,3.8594553020988585
393169N1218004W002,39.3169,-121.8004,5.629177131799352,-7.745313103272977,-0.6271461336833823,2.8105725518536673,-2.261958547493748,2.914487977114291,6.3902257517127765,2.6471484589211443,-6.34250385193711,-6.364619897587573
393169N1218004W003,39.3169,-121.8004,-15.924150905264675,-21.65214030796352,-17.152144121191583,-16.131540223008983,-11.387420464384483,-10.431843485793877,-11.151029932233307,-14.974159112894064,-24.997014458519907,-24.872424311529187
393169N1218004W004,39.3169,-121.8004,-15.917449561662906,-21.619044625962438,-17.691408619092385,-13.011637120010256,-12.348093698098772,-12.098572228613214,-12.106133134484764,-14.711208598482454,-24.680831080598256,-24.55042364402665
393257N1218830W001,39.3257,-121.883,0.373048845912173,-6.456333154890871,-2.5442182610045094,-2.3190784635954884,-3.147213271189443,-0.5265352184711958,0.7775639597273383,-2.405624041317573,-4.263926209684051,-3.758776530355327
393257N1218830W002,39.3257,-121.883,-1.575880094966486,-12.062016144606488,-5.9876410415877785,-4.062931733243872,-6.259584038056737,-2.8729628237480753,-1.0358652914341206,-5.5575159842962165,-8.629350811523388,-8.586030979251262
393257N1218830W003,39.3257,-121.883,-0.9432432286295906,-14.89678526008322,-7.271311684069708,-5.284235719334127,-7.455219413961245,-3.3404067740905603,-3.6073848713666763,-3.7868122314440384,-10.921224306641719,-10.856512603380452
393417N1220838W001,39.3417,-122.0838,-1.2302136879321495,-10.713794394621125,-6.1601370300176725,-1.9685110008020388,-1.1849675447689378,6.283131038777512,4.684289998261487,-1.514480852332877,-14.222168706512722,-14.311925724787976
393437N1219519W001,39.3437,-121.9519,9.873413094261977,-11.44727073021739,0.7628623675344954,2.8376534724272062,0.1670824447715944,4.899318530899357,11.93847599787334,2.1365037760572605,-6.066298512062453,-6.166288532442984
393437N1219519W002,39.3437,-121.9519,4.47604405253113,-16.80498778590612,-0.45062677720801503,-0.34344782207497815,-0.3043289941251217,0.40006881774476,7.669572359006374,-2.9501118175845065,-8.271245651747194,-8.322763722560104
393437N1219519W003,39.3437,-121.9519,3.6193773655434143,-10.908461117065166,-1.1077971692971857,-1.6866374193077789,-1.635218497650314,-1.073738944534199,5.332498574218832,-2.1537495964618216,-6.244910355478602,-6.160277339813277
393437N1219519W004,39.3437,-121.9519,3.1070917062618193,-7.392575603109478,-0.37639267237714336,-1.5204152157464392,-1.171291077586595,-0.6414523014195481,1.4496194951467274,0.9967566247734112,-4.729087268265005,-4.660998065768453
393678N1218288W001,39.36744,-121.82788,7.534227612963043,-12.272285379300861,-1.438341136816561,-1.0223699317525359,-1.7920571903781877,-0.44015799069788386,5.757831209257979,-0.6927943508664995,-6.665560411548036,-6.656228912607716
394208N1221341W001,39.4208,-122.1341,3.8075556523687197,0.47371180210619457,-2.737560044509209,0.5588275994266638,-0.7993173883400857,2.091191816929637,5.203465297071354,5.8478100793648125,-3.3444504749487507,-3.363446184242413
394208N1221341W002,39.4208,-122.1341,2.4864740990277525,-10.710788837387135,-1.3372514665095707,-2.033162008101243,-2.1067663950731372,3.4056031357783496,3.8042301236499867,6.668821135292291,-4.333782582605018,-4.57792808394408
394208N1221341W004,39.4208,-122.1341,-21.717026397287434,-21.34312661112039,-18.338833403232698,-18.268015235463928,-17.27733701313555,-12.455848114460544,-14.004436574074099,-16.800326309065184,-23.90199999645258,-23.65794350685585
394419N1219433W001,39.4419,-121.9433,6.5613114421420065,-9.135242916485616,-0.10511518290070399,1.458179356852611,-1.345479931187512,3.4193701256639173,10.105224373858455,1.152904888884457,-7.673592217901017,-7.7422321232055396
394419N1219433W002,39.4419,-121.9433,9.429993846832794,-5.770392605984846,0.8368020542269079,4.053418378715179,-0.5095944908326899,6.255926889153045,9.312839354141616,1.848950193045951,-4.554706094530893,-1.9462291338302862
394419N1219433W003,39.4419,-121.9433,7.157004382816567,-1.4935031065328914,1.229789738633933,4.0049013252164585,0.684571116701818,6.631658933937189,8.28012430675681,-0.8065929896547033,-0.9622230677553603,-1.0091582148928495
394634N1218278W001,39.4634,-121.8278,6.633686390256585,-7.73026952417564,-0.9001798511506962,1.2434652763784158,-1.5806900200156093,4.2181902437899055,4.762547724446662,2.8707379099001287,-3.7914812159330324,-3.5102952386468047
394635N1218276W001,39.4635,-121.8276,5.010762646099337,-5.066337557313972,-0.6111527802497392,-0.6323971604812186,-0.938515326898397,-0.2952961572820243,0.5041255794744046,-1.379008502051306,-1.5243998432908512,-1.4974782566797273
394927N1219648W004,39.4927,-121.9648,5.927998445932744,-1.8336564570310898,2.300417518692697,2.8993986422982516,1.2731031778493218,3.973458128555329,5.406879347051522,1.2277717699747583,-0.554050533408784,0.2500624054117253
394944N1216931W001,39.49442,-121.69311,2.319277113946484,-4.005833389982456,0.019205898577624225,-0.3295184976765455,-1.2630722712006417,-0.8062974479843632,1.117077589571565,-0.09422067726509908,-2.944123165278384,-1.0851425833307786
394944N1216932W001,39.4944,-121.6932,2.480845741748766,-3.3030310023508775,-0.2015142592559016,0.6777569140139406,-1.0168531131409253,0.04719869828015533,2.42998936182272,1.1426510026116858,-2.208398272898009,-2.2341192813522923
395118N1217880W003,39.5118,-121.788,2.9154101065312403,-5.65857033182624,-2.365041611521306,-2.1062096388222216,-2.436914283399375,-2.1952533697287606,3.1574343668482356,-1.2459950775131432,-5.104792665554484,-2.6581039292712916
395157N1221122W001,39.5157,-122.11223,8.941234417794249,-2.843835583164065,-2.7543019880499173,9.209033058237992,-6.2075889836403775,14.548657656826954,13.916220975234673,11.59041509502449,-6.432991074819505,-6.505330896676966
395157N1221122W002,39.5157,-122.11223,-0.758310064036138,-7.407450076922586,-2.014019402756489,-1.9617331838852152,-1.4733972615784268,2.845267189541161,2.632820196136066,0.1272853694633227,-9.281525771054831,-9.272705738044607
395157N1221122W003,39.5157,-122.11223,0.4121287278447028,-4.492147596998251,-1.8971391416679921,-1.8453819723584246,-1.2568042521873224,-1.1547887753643806,0.0543664072219201,6.185772189945865,-6.4443325832186105,-5.8343531309046455
395435N1216466W001,39.54357,-121.64667,2.6501464094965144,-0.03602465853128933,-1.089368379872326,1.4845440426146155,2.440400507850157,4.550975977240753,4.351474546278098,1.304531742552669,1.4895929048428371,1.2919998836266586
395446N1216873W001,39.5446,-121.6873,7.280895350010411,-2.1699364001836585,-2.140582460590366,5.373783191505865,0.4887848545045159,5.377500095010291,8.712857756956126,5.41025914843101,-1.8991351943343773,-2.0304633915512937
395496N1220839W001,39.5496,-122.0839,-2.132766345136389,-2.1248335680162143,-1.3696152133381219,-1.0555144196832345,-1.560885583562552,-2.2530217010158538,4.106382037998827,0.3174537563311475,-10.092840624798256,-10.079887093635705
395595N1220326W004,39.55949,-122.03263,-0.07000752035732205,-2.6216160809634346,-0.5566092511727305,-0.7695587301387548,-1.243479600572698,-0.45040509696173103,-0.06461181854328402,5.3694830360988135,-4.717761720649932,-2.4728326497409796
395771N1219082W001,39.5771,-121.9082,9.620800561433597,-7.8228588855065055,-2.8072559336444414,3.1679957311092295,-4.352273634500946,6.25175769121563,6.323990229431828,-2.0350788090091356,-2.0179611521936636,-2.0631659488130367
395771N1219083W002,39.5771,-121.9083,-2.421037499374549,-2.724757672546204,-0.9523067058875512,-1.5129496901121513,-1.4324638495560578,-0.7026584562645439,0.2233433520316197,-1.2969398599436204,-2.303169504824041,-2.2584841051166933
395812N1217026W001,39.5812,-121.7026,6.807582631265248,0.2883424384601483,-3.8856003997359494,6.779800360052334,-2.1446732862236217,7.32276246503244,8.57340328788284,3.1123144010662287,0.7947178354623787,0.735656101969866
395812N1217026W002,39.5812,-121.7026,6.61980892539556,-1.7166109303539798,-1.8771638855033501,6.297659495510331,-2.065708890381188,7.50016939919594,9.462808177421167,1.1143028059128568,0.9443730846441696,0.7058537825891449
395812N1217026W003,39.5812,-121.7026,7.490796879572116,-1.3569858753320005,-3.0163173866612,3.5245683477071736,0.585510945577326,7.728374887526982,9.035551462983406,1.8609246324794668,0.34632112725539344,0.771703114869311
395855N1221170W001,39.5855,-122.117,5.828653618217061,-2.0373632455277715,-5.687323144373906,7.694098504513221,-7.139290862167748,5.036514067177606,16.31226667805219,12.730955543826944,-9.772630524172019,-10.377195131031357
395855N1221170W002,39.5855,-122.117,4.791626209830525,-2.144706430027256,-1.9792016175299239,7.497698936421514,-6.175269656457402,9.730569451997383,16.31944368020917,1.3564101133202655,-1.7556477522280858,-1.748935704035567
395855N1221170W003,39.5855,-122.117,8.788123803330706,-1.5482759114556046,-2.4267759107688818,10.905418433282392,-5.7979708899409985,12.742378363450058,15.841026175450402,13.317088199619661,-8.368543538403607,-8.439206521354457
395855N1221170W004,39.5855,-122.117,0.4659922444112965,-3.7875996909796186,-0.8803336639452084,-1.9780667616674776,-2.14607190930262,0.8484731201537699,3.146068343613365,12.023071724537985,-10.657133402097799,-7.622910182071223
395891N1217303W001,39.58909,-121.73032,0.26565462837545795,-3.4345388465956432,-5.530164475923357,4.603099143916495,-7.252129402386629,7.787048189381494,2.5363531568602724,0.04010483772285056,-4.523018611560445,-4.59118976291569
396049N1222495W001,39.6049,-122.2495,15.098754437892246,3.5000685991924847,8.30507402690143,17.610568559296375,4.042000534485117,19.260251626265855,44.09854441564237,18.287667921757606,0.6080818468417633,0.34721032113030503
396049N1222495W002,39.6049,-122.2495,22.91801295547222,-1.8313463183978484,9.03172169665401,20.353575129370316,0.19036061710073682,28.933559023615206,30.67840854333452,24.701115089349475,-3.161764323876193,-3.7113449096664857
396049N1222495W003,39.6049,-122.2495,11.870516128864768,-7.99862862919889,13.01587263732334,18.031010854527405,4.3721991483314255,29.124446695010842,34.01272982481566,6.980522616297455,7.0268627761111535,6.720159587179246
396049N1222495W004,39.6049,-122.2495,10.025359244494865,-5.152191617028606,-1.0407621132983707,10.946156268716578,-6.106562566926215,12.648799817461551,14.004135309336561,17.765131768002682,-3.9348986809146425,-3.962691091227157
396087N1220456W001,39.6087,-122.0456,-2.6733088120460877,-5.985290290940014,-1.0359675231074874,-4.610084137041895,-2.101061638818223,-1.0466549771984859,-1.5568148070289425,2.01582469389011,-8.654548351362038,-8.590255836869773
396087N1220456W002,39.6087,-122.0456,1.19193734442716,-5.533298318286569,-1.3384309509003458,-1.0486918936774714,-1.993236000777813,0.4697878828605013,1.5258757536015537,0.28540516227467094,-4.914695501088445,-4.880797561673191
396087N1220456W003,39.6087,-122.0456,4.722538384929152,-2.338037048234014,2.039046471525012,3.6650058237960224,-1.137059816031055,5.210044014207895,7.05052247358168,5.361154050963108,-3.9236648472884355,-4.006550513454172
396154N1217391W001,39.61546,-121.73913,-1.5483875864125167,-7.181035174383396,-8.060279496372459,0.2724220315119368,-14.173554412305705,4.229610873423624,-0.36641200447085964,-5.483040371895555,-6.303291943350089,-6.2811700695558415
396158N1218221W001,39.61576,-121.82216,5.788313381780156,-2.0883144373934925,-5.706396057208252,6.810795494409717,-8.452213463193743,9.923595290298536,9.022341095784611,4.444214776377663,-2.971214420048099,-2.973811229650778
396244N1221872W001,39.6244,-122.1872,19.3967345513929,5.576904810099631,6.907511485590831,13.02620733052095,-3.9675707624126986,21.47807543663656,30.178257212065958,22.528292711083544,-6.94196398889537,-7.221418390878528
396244N1221872W002,39.6244,-122.1872,26.615418985213992,0.21144742422414708,6.560151734310651,18.74010687390942,-2.186394364718538,26.370871408889705,27.2452525479535,20.966148793512236,-2.4479259132377376,-2.807678000614235
396299N1221007W001,39.6299,-122.1007,10.857312537270815,-7.390436645664607,0.4089416177512959,2.908907119534092,-4.938568425613056,12.752717528317305,20.40072975491428,10.115353360429062,-8.027227863783878,-3.9659502153437103
396299N1221007W002,39.6299,-122.1007,7.386534698944928,-3.8320124563210527,-4.284737994350067,8.252098963124695,-4.250016319621224,13.132885639618948,12.195534629171092,19.568966333569982,-8.315546942878001,-8.510792786939376
396355N1220331W001,39.6355,-122.0331,3.6318578875403205,-4.169005134951277,0.1797875805779512,3.057940220403239,-1.5952776337951633,4.411863145039902,4.780965262955036,2.8597127646747253,-3.8920187580005887,-3.954850438151226
396468N1217263W001,39.6468,-121.7263,3.829772587524957,1.8524492337208756,-4.593991191768865,2.8919845017973813,-7.953365783681761,9.410186490133384,4.71163658627033,2.4312197299185954,-1.67058331075836,-1.7485623789047509
396468N1217263W002,39.6468,-121.7263,3.141927244660451,2.1513664458590256,-5.914025333821513,1.324757317987462,-8.495019933725615,5.40563655644381,7.395071839308017,0.9441656598618664,-1.6970724845540843,-1.760614640177522
396468N1217263W003,39.6468,-121.7263,0.1503092199410645,0.6354965386348539,-3.4400259482577553,2.7804132430924398,-8.525543844305773,8.595158628573913,6.006939564425309,-0.282936199239586,-1.8218261379599312,-1.8660519713911583
396468N1217263W004,39.6468,-121.7263,2.556450021924988,1.7177648261536405,-3.8159869559477073,-0.5071631341021288,-6.603638024477235,7.319939687342938,3.8376066528320507,1.1164725022491098,-1.5261923900664982,-1.7077259364943984
396528N1218526W001,39.6528,-121.8526,5.142252182719048,0.04152251515563421,-5.135271997897846,9.25839694802498,-9.500416571756361,12.799331877731447,10.900751594144097,3.7026857652063967,-2.05430032062074,-2.0707958340320403
396672N1221774W002,39.66716,-122.17738,5.044124582616689,-6.0757845879329295,-8.703211504022107,10.922820386203341,-11.983252818618837,10.141910133354855,15.30351207731357,11.136620778529732,-13.160184453688586,-13.13012890915337
396735N1218144W001,39.67348,-121.8144,3.893112299592403,-0.9066276374448563,-4.099359060689281,8.1094763744439,-7.834770907475118,12.552420971366573,8.790465217568098,3.7883146537302963,-1.3361425912270448,-1.2226612525419256
396735N1218144W002,39.67348,-121.8144,3.624469379749655,-0.48510526210307603,-4.244251309237683,7.829718550579372,-7.917026033941866,13.372077915421201,8.838538604147033,3.8385531280051595,-1.9866280253627764,-1.831253185847757
396735N1218144W003,39.67348,-121.8144,3.392153377789313,-0.9667121969890928,-12.986112507898937,16.439195999964014,-9.222692075995738,11.902647308695094,8.391260867040018,3.407293364372748,-2.0163307147484772,-1.809913748602625
396820N1217970W001,39.682,-121.797,3.1462140539736936,-0.509247481340438,-1.9589098207163005,6.456175030256787,-6.684240723569786,11.183497402003255,9.20450597569915,2.125035237741301,-0.9957132304613197,-0.980635211811105
396820N1217970W002,39.682,-121.797,2.2499932179426594,-0.8431728471526441,-2.304039553492345,5.766562226156651,-6.147823322506483,10.680970252565373,8.780111216960762,2.9526195273842717,-1.8170915361101834,-1.6942713343865563
396820N1217970W003,39.682,-121.797,-0.8294101629780357,-8.184056178416427,-12.125462104240853,3.1797395538097533,-7.25740575804241,9.413593954517523,-3.175582843986575,-0.04749552584439698,-5.374018310710682,-5.337223068067743
396823N1220117W001,39.68225,-122.01168,0.9311568322675328,0.6021485864204408,0.7836720254319687,0.8526774334185347,1.7131690212396506,18.71896531315801,26.830212184290417,-17.229027722106125,-7.537661484505961,-7.671451097701365
396943N1219410W001,39.69434,-121.94096,3.0592267208391775,-2.0785423595194743,-1.0535052292179756,4.187501804412392,-3.2827355148725843,11.291731497608438,6.369275042085519,-2.1420631005891835,-1.9540507063233008,-2.0224667285559264
396943N1219410W002,39.69434,-121.94096,0.745052580268819,-1.020351461208378,0.8300924563608021,-0.29061624579645695,-0.3807893631101962,0.5729313803407337,0.4702985651144047,-0.1594974736565007,-0.8781156875316043,-0.89644944838426
396943N1219410W003,39.69434,-121.94096,0.3388243659393879,-0.2419040597851705,-0.04642360373425447,-0.11656631128313677,-0.6974854441628082,0.18534710768028617,-0.3441139781899949,0.012822708421154516,-0.9229296224387866,-0.923859954331391
396971N1222533W001,39.69716,-122.2533,9.879754545345875,-2.0622381054394054,3.9842788612221796,7.0386021813443875,-1.0453642818009001,6.602520702240369,20.119320918063124,19.458366946915692,-0.19564283018278417,-0.9917237615936934
396971N1222535W001,39.69709,-122.2533,16.107620472123124,-2.891038699201463,7.866394281819371,12.759808442065339,-7.592251507113093,15.400188774126395,22.100361685809894,27.428590986656207,-6.067009396299113,-6.2523308671032005
396971N1222535W002,39.69709,-122.2533,24.848042118062263,-2.0365290046234357,6.211162074014252,9.908543411042844,2.1544720267075332,15.952262057225035,39.15410577216839,27.230788130898656,-0.11404043439129197,-0.47621960649652095
397008N1221208W002,39.7008,-122.1208,7.90175992569921,-3.97662003173933,-9.574476135411771,14.863816890299717,-11.319311624510107,20.54541802113907,31.86796908451781,-0.6181323573563589,-22.487482286288326,-6.676904838504868
397033N1220910W001,39.7033,-122.091,9.859820967310995,-19.816656392568746,-3.9380826975403807,8.046936375473024,-3.9615326536714264,13.774860692978535,38.74225535520397,-0.1161850849752355,-19.987783886300264,-5.480319331671552
397033N1220910W002,39.7033,-122.091,2.036301822229703,3.1366192384753475,-3.232570065738514,11.353793876336695,-8.386756418983211,20.631428160293922,26.819893125480604,15.397591125306548,-15.568441510413592,-15.820914712591005
397033N1220910W003,39.7033,-122.091,11.25782500767076,-0.5039006481540582,1.6840876768490034,13.208406928448298,-10.988246154037569,24.682095022567154,22.546404621267172,18.352994019548206,-15.998293921826644,-8.37003854019953
397033N1220910W004,39.7033,-122.091,6.606967589078323,-3.851187607361041,-12.791789188739443,12.768395301068026,-14.79181487995966,16.07966955740359,12.740212952434149,4.302147168603554,-12.647264088316021,-12.692793992085399
397043N1220386W002,39.7043,-122.0386,2.746743193540297,-5.6086491962454375,-9.25436578901288,12.966043317180407,-12.8443961698121,14.308521883631414,8.464658933430712,3.5213228299237898,-11.039561478005908,-11.088291016422858
397043N1220387W001,39.7043,-122.0387,7.122220522525481,-2.954456118210132,-1.9405888919802834,13.790626483005937,-5.136358670355435,15.64306873104995,18.000300457834257,1.767346327850774,-1.8842987916703464,-2.0950578394355546
397043N1220387W002,39.7043,-122.0387,3.2215823789541105,-2.5217542076288453,-0.49968391466747164,11.359256810777552,-6.437259378746404,16.405349776344735,13.298363037338504,-2.676399240890561,-2.548744107734038,-2.7890715682511455
397100N1220081W001,39.70996,-122.00812,-0.05460455778796813,-0.34160449712373975,0.06156023909073838,1.7005552436438052,4.898280948129667,24.31037897159264,26.040457504949828,-12.046599068667817,-10.542800109901194,-10.87211332323119
397263N1220105W001,39.72627,-122.01052,3.374034652810238,-8.525094958473503,-1.1390492761084232,6.395149836699545,-3.522138389784004,9.057737912003688,35.04782380391437,-17.037920814286025,-2.1452949046966836,-1.8729458068845588
397263N1220105W002,39.72627,-122.01052,7.591103431112998,-3.8656510724749182,-2.6507459653538348,8.550605627124554,-3.57539136605763,12.100547341013936,17.341012946861326,0.9497263029814036,-3.63315784533215,-0.8733995334443989
397263N1220105W003,39.72627,-122.01052,5.038124668708022,-1.0297014311386334,0.8474312615721828,7.836173592106022,-1.554159179552272,10.20085965229785,6.224955575061372,5.228268562697238,-3.8971818941640777,-4.082568027100422
397263N1220105W004,39.72627,-122.01052,2.0563993798124756,-2.171024065258152,-5.732367395398114,7.830315863571272,-6.90924089038694,8.033946660460927,3.7208948672515447,0.45360805244338565,-5.150048767015036,-4.771687274275138
397317N1218649W001,39.73168,-121.86499,2.2797531621715166,-0.2331609503163321,-6.839327339941661,7.426574956559435,-7.31030145334924,10.99315638173016,8.924253269170265,2.2582017660502345,-2.506221859142528,-2.5505432077130763
397317N1218649W002,39.73168,-121.86499,2.463484571534039,-1.7467998316023596,-7.4405438627371865,5.901101117300982,-6.810844535331682,9.938908441061969,8.767078781687346,2.518215115733099,-4.141460061623022,-4.162686877736576
397317N1218649W003,39.73168,-121.86499,0.23777832856052328,-0.6051771101523826,-7.176148333933881,4.659249187930996,-4.023365719373615,8.227025701959391,6.521706933191979,2.948201419210477,-4.742970598932445,-4.751283470172837
397325N1221233W002,39.7325,-122.1233,6.161408562256582,-0.3159429338729467,1.8971972627352613,13.774985039384376,-5.9379649162579256,26.268487174455714,24.054250882122048,3.5725233807662278,-12.500416224224395,-12.912520807600487
397325N1221233W003,39.7325,-122.1233,-7.727359409689711,-2.311266412064356,-10.200106845300866,7.0054088450939105,-11.035970056448775,8.96980924464151,26.912416355485277,-5.958723627705325,-17.32086024033481,-14.972203008849789
397473N1221559W002,39.74734,-122.15592,4.4916983758097615,-0.24947145619441358,4.058336902408371,12.10731194593032,-1.6393872583684583,19.34170547008506,34.826909936222336,-12.053062860934148,-4.160742668397347,-3.963846793085736
397473N1221559W003,39.74734,-122.15592,-1.1249566360318113,-1.719722338853444,-4.877111473136068,4.511118633366152,-4.709746885236939,3.842745878760411,18.656606790238953,-14.573539671125928,-7.273554824168826,-5.257914530617825
397634N1220771W001,39.76342,-122.07717,9.748285410129313,-7.939481979008917,-0.06902468669976258,10.3301773098717,-0.43784547556018083,14.689735521835885,33.9198899595598,-9.959584204102555,3.1000649083938754,3.006383741106305
397634N1220771W002,39.76344,-122.07716,7.527385479065572,2.1832055111567996,6.24959482794354,16.472263813159415,0.2752847852243292,25.241710227435306,20.816850200194963,6.3139453926199565,1.4280681865568,1.0598189906990285
397634N1220771W003,39.76344,-122.07716,6.0197497032281575,2.9052688317910906,6.51470589095949,14.001701949939203,2.223778257905934,23.349072380800862,18.685467942197775,4.745354773705557,-0.7537877529752137,-0.6538046372555328
397634N1220771W004,39.76344,-122.07716,-1.5032485870241032,-10.534921808011887,-2.5956477297993388,7.389142580259914,-7.7162249368056735,15.654752669503296,18.037423627824438,0.018564303317290864,-13.565711016179804,-13.6366225396078
397682N1221364W002,39.7682,-122.13645,9.0370123645489,4.007652017648269,9.45008968548791,17.94424532280874,2.595222183190458,21.421432292145283,25.82662901660511,10.810732641383026,0.3140603664869701,2.7493074902724004
397682N1221364W003,39.7682,-122.13645,9.437536503572403,1.246981387435028,9.79265795057978,13.498834148860368,4.55107585520085,21.253367055384217,24.840150994492845,6.854325247737819,-0.39581047965910443,-0.05961506145064277
397682N1221364W004,39.7682,-122.1364,-2.8849287965860526,-3.63805844993027,-0.6052542364126907,0.010196424070670673,-2.210351775694676,0.336973007017491,15.127227796307778,-15.726925753336246,-3.0074596347661213,-2.6578099523767094
397836N1220461W001,39.78356,-122.04614,8.746696768844387,-3.3621668318180866,4.882332975109634,4.755300455198537,4.424279171710623,11.698041664671806,36.97269880722503,-13.648456432946972,-1.476874948293812,-1.720749885459682
397836N1220461W002,39.78356,-122.04614,10.554534025357285,0.40909835620962554,4.92870989707292,14.283011695998141,0.4024489096064201,17.54504005649335,25.069976971195402,3.417334996826625,1.4680445674236893,4.296557833422057
397836N1220461W003,39.78356,-122.04614,9.29278508460078,1.357824672739838,6.131721565652072,10.324138149464162,1.229510058258498,12.041980119921192,9.617584712899287,9.831945515048147,-0.12325500716046633,4.856305689538374
397836N1220461W004,39.78356,-122.04614,2.675558791066038,-0.9183405431107303,1.2054848858988123,1.5556041156364415,-0.18215495326325026,2.0173451014065904,0.47890550487505834,2.361145195408909,-0.9164656073598678,-0.18434308491833917
397866N1221455W001,39.78662,-122.14552,13.517667364230064,5.152273763077744,11.947149729560948,22.054058643091807,2.0748401034258848,26.756180656415523,26.725953260798676,18.01846852832746,4.9251946378103355,4.45105988195607
397866N1221455W002,39.78662,-122.14552,11.85107467440261,5.011524155546965,10.764127215318638,19.272569423786223,1.463569062215953,21.955420450048763,20.62806353338425,13.925787547141837,2.857975433460936,2.6881951274906726
397866N1221455W003,39.78662,-122.14552,2.538476194234022,-1.4052518211999256,-0.3609884297466692,9.190909842223505,-4.232724807278316,10.12918022277097,20.269305477363957,-0.08595223305863442,-6.944764236809647,-7.023927085706902
397875N1220494W001,39.78745,-122.04941,2.0509244821707,1.643036400245208,3.712475355716066,3.8749056355211593,4.607861688272436,26.27531447792346,29.5565937363033,-14.679484347846994,-6.130071520959646,-6.585373861796725
398028N1220294W001,39.8028,-122.0294,8.987089851865221,-4.052488205577575,-0.8650558970723807,8.719671972447628,-1.4363987087463812,12.09126869745566,34.353997806391874,-18.330133803336466,1.338659583698103,1.2129580060662875
398028N1220294W002,39.8028,-122.0294,8.159346560742165,2.125310975642904,3.571807110071404,10.89035553392111,-0.5277043478104417,14.321873631481239,14.853083294716924,3.7231586006128623,5.10451746037657,4.854800943393656
398028N1220294W003,39.8028,-122.0294,6.531632012914045,2.0278226498898846,5.127862884855148,9.90106941743906,-0.9215098915467053,10.98677815546857,9.011405461995238,5.55875223537717,2.6081815900939205,2.3359253471912638
398028N1220294W004,39.8028,-122.0294,1.694343604549431,-1.1971456789399042,0.465333329701366,1.496145208903954,-1.4572356691838309,1.6227791311157205,1.1858664943578674,0.6085702073999641,-0.7363394694010594,-0.7543899982978246
398117N1221020W001,39.81167,-122.102,9.48799175191894,4.228260094650068,5.81362235701755,17.90579487558044,-0.011722926958412927,17.1962334862676,15.9249064919061,11.529201411793736,1.5426408899301407,1.3784439641316766
398117N1221020W002,39.8117,-122.102,5.584225445696475,-10.646116320022116,-2.599447042844332,7.97265197324684,-0.7884686764844275,16.426689220332307,26.761164647576678,-4.716210846125421,-1.6657260412251844,-1.7347180877640653
398117N1221020W003,39.8117,-122.102,5.889523609353546,-3.9066322479473996,3.031465870410017,12.218466616180734,0.05380789325768376,15.933105667506553,17.153675165036972,3.497088995759711,-2.104681814399143,-2.209186797406076
398117N1221020W004,39.8117,-122.102,11.400150848022577,4.798529364931937,7.950844665899297,17.452389893304158,0.9199875607675949,19.019362374090477,16.57530991448118,12.347835127013894,3.65255056462685,3.506205794829512
398188N1219912W001,39.81877,-121.99119,5.200421046093339,-0.45924718692498345,-1.5527452533667656,9.046577051737984,-3.4121611255875735,9.509064025613625,16.00369969646792,-0.9159838639824756,0.11573450966506016,0.02760572613053114
398188N1219912W002,39.81877,-121.99119,4.194449141700005,0.17196711029518497,-2.4335104016474816,8.974123797483344,-2.827762398805504,9.074656062704122,11.926494009925719,1.0839051389980483,0.0974810785830158,0.011052706854712824
398188N1219912W003,39.81877,-121.99119,4.1234402790407785,-0.5386099426063424,-1.0002667764700561,6.702040183379438,-3.653153527155837,7.251006743556488,7.225036998835137,3.7671239976074844,-3.762466705422,-3.8283449178631486
398188N1219912W004,39.81877,-121.99119,2.523203040372195,-0.5688095365474339,-1.4726969771907648,4.868357137438835,-3.8693425638395524,7.390126228159119,5.905352981609482,2.1540035565513733,-1.63059380545387,-1.6518665135565413
398193N1221590W001,39.81925,-122.159,4.208593913714452,0.07789028327690062,-0.8603228535808398,11.583036320754758,-7.00134051900821,12.806014190936622,11.866306242435115,10.25250895271843,-4.24548798751627,-4.540124855335961
398193N1221590W002,39.81925,-122.159,3.993307653025539,-1.1973637355334148,3.5118937661406022,12.891026732492435,4.135350416819122,19.963406836767362,15.62988505562005,3.9984055604007267,-1.6312153604005744,0.033240716250745095
398193N1221590W003,39.81925,-122.159,12.305218155654359,7.918922302328326,12.19716460568597,19.947752125124225,0.17745598761473502,25.194655721669193,20.833256461480048,18.8065324913309,5.663973265138921,5.7956258025495515
398193N1221590W004,39.81925,-122.159,7.497567702758147,4.11691492908011,3.7830062006563026,14.85207103939419,-1.64323120037389,13.164327215745288,19.698735405184962,14.084155866957104,-0.49775107411595343,-0.42548572174243304
398543N1221535W001,39.8543,-122.1535,4.011516695375221,-4.813132581955358,0.3437085701695821,11.177289721771857,3.075389697745166,18.431126158728503,16.54804393507507,6.3172981481529575,-3.3982889539948076,0.9130179945122876
398543N1221535W002,39.8543,-122.1535,4.1428468545173445,-4.364367908115426,2.2653433815652875,14.62148718159635,2.9645508248534895,20.163971759373055,14.168282553193123,6.153734758806863,0.6534730164190847,2.011002510052492
398543N1221535W003,39.8543,-122.1535,5.924674514325943,2.8861369004202686,2.7669252129749395,11.925507425322621,-1.7877540858966086,14.395117880682278,10.60886971463394,13.548956379383426,-0.9285933043748429,-1.0958487836435609
398543N1221535W004,39.8543,-122.1535,4.4463913360767435,0.6542668704336734,-2.025009915004574,9.564744670857408,-6.741763432630449,12.596416290356757,11.096599345454564,7.321390762267427,-5.586192950121529,-5.82227904622556
398543N1221535W005,39.8543,-122.1535,1.6112143516429285,-2.569122344628312,-0.8177157657506484,1.4569826751774997,-2.5355638991508442,4.249635058001985,-0.19980663980871327,-5.287899578720129,-1.831685562950753,-0.8743213863656081
398619N1219746W001,39.86194,-121.97455,2.619668084640125,-1.5684568502051945,-2.216557190318298,5.822517181302516,-6.280032859310722,8.261241638069947,4.163620696878866,2.878455199341971,-2.3913925779985448,-1.8387853687671054
398996N1221227W001,39.89961,-122.12274,9.497485479864139,2.2440200501856964,6.1922791574610585,10.740243073316918,2.133260327428445,15.494402348455509,9.457793513337492,10.402208707044409,3.695352505734519,5.315103706300079
398996N1221227W002,39.8996,-122.1227,10.280480467573085,2.439452617455089,6.53520669221254,10.7434579552029,2.1264847163492107,13.880785749491992,15.953475870049758,5.73572607379198,3.2977214906676835,7.249985991491215
399078N1220721W003,39.90776,-122.07215,2.7126253967955734,0.5000970576885493,1.9356624220241372,3.893422010744814,1.7331192826897563,5.748240127966994,3.78688773870266,1.9118689183557933,1.222192504371236,1.114414407637554
399078N1220721W004,39.90776,-122.07215,1.5792534198442354,-0.8006377250473804,-0.5901819354221232,0.8590784928011885,-0.6421668494262747,2.1277930989782305,0.05901187920156303,1.312074509874094,-0.511873052066079,-0.04587787263244536
399251N1220436W001,39.92515,-122.04358,3.9069033725188262,1.2133004283858497,2.1663173227384505,6.319623122393921,-2.4325932032674586,5.745971854106642,5.136947788842377,3.267528684700949,0.9917318703434432,0.9031199218053416
399252N1220436W001,39.92515,-122.04358,2.689004576141656,0.9802683162996004,2.5486846956011675,2.1160276590997,-1.6831143942917777,4.586488307664354,3.780538952027854,3.04128046115045,0.034550508816721504,-0.009848905874008551
399252N1220436W002,39.92515,-122.04358,8.351626518966242,0.2452047408020519,-0.3548381144544237,6.719144276777712,-1.571739951923803,8.023417073865744,6.073213445741402,3.4729296736907713,1.8699827781182705,2.2592037005741474
399456N1220399W001,39.94549,-122.03976,2.4659090048808707,0.8248765316913591,0.23811281250343086,3.9934656169267555,-1.2530176200558003,3.7509297384992237,2.6804512752717073,2.6691411575636437,0.28307224554950494,0.25525693292425444
399456N1220399W002,39.94549,-122.03976,2.3417322569603414,1.9739285377876854,-0.24706570730094768,3.301001086621568,-1.2420352022684256,3.6942944711463213,2.577491048881001,1.9628066447733943,0.46828450317934767,0.446208927280594
399567N1220031W002,39.95673,-122.00313,2.217341667860609,1.4805387720927001,0.2381783311568597,2.819276056859451,-0.2003111013797536,2.6193999466718765,2.3023818932464053,2.5964831900759293,0.6612783970359146,0.6369252000590393
399624N1219946W001,39.96247,-121.99465,0.6000014128272255,-0.5752045673359021,0.2554066449507957,0.9194104946016068,0.6833462547859313,1.2636191755346147,1.7534407205561706,1.292474828338328,0.3313864515218654,0.3260643106868315
399703N1220745W001,39.97029,-122.07452,1.5700724714143917,0.6093017677844728,2.6484967784136018,2.452358406997888,1.046304451696102,3.0607609220773213,1.883867193095341,0.8789702225177507,1.7558955551770339,1.748639586475349
399733N1220069W001,39.97328,-122.00688,1.8389586394689275,0.5188595609779156,-0.19926710759563093,2.831798480623007,-0.26304751977079377,1.8839855375888135,1.6645798527966633,2.1491384890962877,0.34123519229609656,0.3183420618895241
399733N1220069W002,39.9733,-122.0069,1.9179994254530186,0.7753701918892659,0.1466814339656537,2.4562716969962537,-0.14458134045253246,1.9426650422292084,2.0868651856370946,2.1574733040708622,0.2702745535308111,0.4884431363140891
399740N1219748W001,39.97397,-121.97484,1.435152424552058,0.539523459838648,-0.49305537390898735,1.3535918413831212,-0.29410558453901103,1.2587908904996539,1.3354106153469445,0.8948647927681463,0.13716836117740172,0.13844947074491643
399740N1219748W002,39.97397,-121.97484,1.0920485732862915,0.7502232761648031,-0.6589702420914136,1.1549995210637576,-0.7193709069713918,1.173572934763854,1.2623826684556718,1.600883630852337,0.19214862159802237,0.19237067107596317
399742N1204717W001,39.97417,-120.47174,0.037678114488699066,-0.11797018357356137,-1.0247181580098186,0.4397317467901303,-0.2792368259088107,0.37244749192905147,0.15838769537276676,-0.6039646571662161,-0.16457005923530232,-0.1621895917742222
399765N1204735W001,39.97653,-120.47353,0.1641740341019613,0.0034578292061269167,-0.023501289318119234,0.8376077423363313,-0.104374276514136,0.4702568710454216,-0.008319511748595687,0.03996639979413885,-0.19555573960951733,-0.20313176585659676
399765N1204774W001,39.97654,-120.47738,1.2214504031808247,-1.9259131369526585,-1.4028515082127342,0.2004004984655694,-1.6478947907426118,1.169636836861173,-0.9492981412331574,-1.5848561514303583,-0.5061721461543129,-0.5048469149405719
399774N1204755W001,39.97736,-120.47553,0.44961667777351977,0.8141885937839106,-1.75692135717145,1.377606486728837,-0.2540941090173874,1.6736675987003764,0.2364217336580623,-2.7895002974364616,-0.17274494361845427,-0.17704856301224936
399774N1204798W001,39.97736,-120.4798,0.5003627023634181,-0.39612389503054146,-0.14426507615644368,-0.18321186310186022,-1.2052622759420046,-0.13540104173534928,-1.3027864425584994,0.004733320603918401,-0.2952574481332704,-0.2939298002193027
399779N1204778W001,39.97793,-120.47775,-0.14392837112063717,-0.9523220588525874,-0.8711445159551658,0.40681494424097764,-1.3838040924338202,-0.3013480464305758,-1.4543444287974125,-0.8812527378186132,-0.4805857532155642,0.2108803554856422
399796N1204782W001,39.97964,-120.4782,-0.0019305591895317775,0.03192563924858405,-3.481724342753296,1.6935790287570853,-1.2116125577385901,1.5585712844776936,0.3681345642235101,-2.909849977247177,-0.8131635281524723,-0.8116517839171138
399804N1204791W001,39.98044,-120.47905,0.11995732248487911,-0.15256930660052603,-0.22373797312047827,0.5373877380743579,-1.2064852600015001,0.5378939435904613,-0.758112872554193,-0.43578908462859545,0.40161621093557187,0.39150654612058133
400428N1221665W001,40.04281,-122.16651,12.455470900351713,5.752195983542208,10.979586119131028,13.869456930192285,4.937042068624947,17.579762590185567,14.40933520790793,14.01165648723645,4.803908328539109,8.591705478037767
400428N1221665W002,40.04281,-122.16651,6.281781642243459,0.6589533535802445,4.154051381156592,8.130203865566642,1.6691360016849046,10.526443711115292,11.670894964704246,5.239057746387118,0.2804091909191868,2.9953184501451346
400428N1221665W003,40.04281,-122.16651,8.919137373057538,14.338622564060273,13.931797942721943,19.247589995093477,14.413219399800283,20.415669821304533,13.368658403694894,17.66855777905667,3.207559095849007,11.884094786563367
403585N1223338W001,40.35854,-122.33385,0.6709711423513909,-2.8570618538053623,2.586110043388203,-0.5304649949254667,0.16328067822701087,3.6797575986882407,7.045919278004135,1.832855086108225,-3.77117273397198,-3.800890352057195
403585N1223338W002,40.35854,-122.33385,2.0592441616608426,-1.6093560405076346,0.6832435671606163,2.368710171264695,0.32273130789178595,4.224998992842359,4.249255711493561,2.317956301501283,-1.2983936091856094,-1.3557382952533885
403585N1223338W004,40.35854,-122.33385,0.7315607522851337,-1.7726809068834086,-0.18061416630655458,2.171605117025649,-1.5418172917514994,2.7836631331229,2.4523757684632983,2.8534606925570642,-2.4706928005093687,-2.5115535314293425
403929N1222944W001,40.39293,-122.29445,1.476578727110848,-3.0835344801475912,0.36935365775821083,1.0711146245673149,-0.4378653617884538,3.7536922680563976,3.542740361891447,2.8190785189405005,-1.3408527555168916,-1.3496274709546014
403929N1222945W001,40.39293,-122.29445,1.4259307116575428,-3.3679121193269452,0.24003104123488583,0.5835171025908039,-0.5454938033721533,4.462997869643289,3.8179413024990936,1.5868103324174854,-1.8853321906629503,-1.9056055222697523
403929N1222945W002,40.39293,-122.29445,0.54953695475308,-2.576590154608425,-1.3502222723625437,0.5976554266118796,-1.2761808253614504,2.2855754036817757,2.723277034631849,3.106754158772503,-2.1738191868573153,-2.1860310262149483
403929N1222945W003,40.39293,-122.29445,2.6864519734255055,-2.7940756493714503,0.3237410910677454,1.812991089119862,0.039325978097849656,5.231125399951054,3.867566251625192,3.8969123714825287,-0.5897099553816361,-0.6203118980583895
403929N1222945W004,40.39293,-122.29446,-0.24464368012269233,-3.4221858066506456,-1.1680220975483735,1.2315373425386156,-3.2614673802667653,0.2716760652975836,2.383460313316675,12.633259334818717,-8.596201549871978,-8.578266388257475
404061N1222301W001,40.406,-122.23005,0.8584950186826177,-0.8584395068364756,-0.3013474011260655,0.9328963812216671,-1.104069084164962,1.4164436772356908,1.9065601301148831,4.564448418015559,1.3675819016305581,1.3721300898000663
404195N1222463W001,40.41948,-122.24635,1.2702058308377673,-2.3743978577642793,-0.3203865553296623,0.5819396986016159,-0.8003033682687715,2.605319787190865,2.964963855270071,2.541181872852121,-1.5177603880441097,-1.5280471830359943
404310N1222731W001,40.43101,-122.27314,2.118023383364857,-3.862447872281109,0.9696310997939577,1.1987431198384684,0.036517913046566264,5.492838120175236,2.6412896615481145,3.4816511908469465,-2.2447717114316106,-2.290601434722987
404311N1222732W001,40.43106,-122.27316,2.197247542678099,-3.8225745008294325,0.9981279408612522,1.779400195852702,-0.11395196055099177,5.787481838440158,4.323810714025001,1.3754545800516667,-2.4090919259556927,-2.4504410515546056
404377N1222883W001,40.43774,-122.28834,0.5031366266136388,-4.886689275859965,-0.35772487645357387,1.0519653348281395,-0.737471250419901,3.4055491439438015,3.7964265898499434,0.3309860236622626,-3.1529837374606586,-3.1519015356623186
404377N1222883W002,40.43775,-122.28828,-4.093051685667433,-4.058789837273196,3.350058869711802,3.5489727996573492,1.527571896325469,16.176032161935552,9.208785493633968,-2.530402749902237,-0.6455884610683142,-0.7180389170488297
404411N1223015W001,40.44112,-122.30154,2.14976453995115,-3.044017772148095,0.5623379502027888,2.240873743494319,0.4529858940324516,4.8449507309025535,4.387855857800901,1.8743603037394223,-1.8836009072125535,-1.927205441368983
404412N1223015W001,40.44118,-122.30155,1.2121998324681158,-3.9101926980923167,-0.5582188827204959,1.5010365290352183,-0.14288629661962204,3.5615814186043053,4.799515118630893,0.4853889216871039,-2.9463378708201162,-2.95926396781266
404412N1223018W001,40.44123,-122.30178,2.0438277324755063,-3.831617732304437,1.1833684778605402,2.046760312266997,0.19274669139787193,6.342055540471392,4.106768125957217,0.546128410155859,-0.13832808425331677,-0.187438046509385
404614N1222443W001,40.46133,-122.2443,-0.08706876217320314,-1.421714008427955,-0.08556330462283768,-0.48949956630247016,0.73775196841666,0.4808737962420082,0.3864590453906658,1.993017716530744,-2.495042844577256,-2.497827648651935
404614N1222443W002,40.46133,-122.24426,0.7428660579664665,-1.3877541063195622,0.7161117416189313,-0.3304045110024276,-0.6272987842082216,0.06883965817502258,0.82055487711051,2.0280856706209534,-2.877331626436444,-2.878760340772544
404704N1222952W001,40.47048,-122.29516,1.0676062097744534,-2.47779771461785,1.8704073576335531,1.0398949973704248,-0.10083192237874528,3.79945462213675,3.994358435861102,2.442937824094372,-2.503224159564752,-2.545115115912324
404705N1222952W001,40.47052,-122.29514,0.2813788655827807,-0.852088310321335,1.157371703029014,-0.42965486625899985,-0.2966749417458914,-0.35482480632862234,0.19395054727783645,1.1029640181207583,-1.5784262095251052,-1.5783807446439937
